"name,","year,","album,",song length
Intro: 2 Cool 4 Skool,2013,2 Cool 4 Skool,
We are Bulletproof pt.2,2013,3 Cool 4 Skool,
Skit: Circle Room Talk,2013,4 Cool 4 Skool,
No More Dream,2013,5 Cool 4 Skool,
Interlude,2013,6 Cool 4 Skool,
좋아요 (I Like it),2013,7 Cool 4 Skool,
Outro: Circle Room Cypher,2013,8 Cool 4 Skool,
Skit: On The Start Line,2013,9 Cool 4 Skool,
길 (Path),2013,10 Cool 4 Skool,
Intro: O!RUL8 2?,2013,O!RUL8 2? (Oh! Are You Late 2?),
N.O,2013,O!RUL8 2? (Oh! Are You Late 2?),
We On,2013,O!RUL8 2? (Oh! Are You Late 2?),
Skit: R U Happy Now?,2013,O!RUL8 2? (Oh! Are You Late 2?),
If I Ruled the World,2013,O!RUL8 2? (Oh! Are You Late 2?),
Coffee,2013,O!RUL8 2? (Oh! Are You Late 2?),
BTS Cypher pt.1,2013,O!RUL8 2? (Oh! Are You Late 2?),
진격의 방탄 (Attack on Bangtan),2013,O!RUL8 2? (Oh! Are You Late 2?),
팔도강산 (Satoori Rap),2013,O!RUL8 2? (Oh! Are You Late 2?),
Outro: Luv in Skool,2013,O!RUL8 2? (Oh! Are You Late 2?),
Intro: Skool Luv Affair,2014,Skool Luv Affair,
상남자 (Boy in Luv),2014,Skool Luv Affair,
Skit: Soulmate,2014,Skool Luv Affair,
어디에서 왔는지 (Where Did You Come from?),2014,Skool Luv Affair,
하루만 (Just One Day),2014,Skool Luv Affair,
Tomorrow,2014,Skool Luv Affair,
BTS Cypher pt.2 Triptych,2014,Skool Luv Affair,
등골브레이커 (Spine Breaker),2014,Skool Luv Affair,
Jump,2014,Skool Luv Affair,
Outro: Propose,2014,Skool Luv Affair,
Miss Right,2014,Skool Luv Affair,
좋아요 (I Like It),2014,Skool Luv Affair,
Intro: What am I to You?,2014,Dark & Wild ,
Danger,,,
호르몬 전쟁 (War of Hormones),,,
힙합성애자 (Hip-Hop Lover),,,
Let Me Know,,,
Rain,,,
BTS Cypher pt.3 Killer (ft. Supreme Boi),,,
Interlude:뭐해 (Interlude: What are You Doing?),,,
핸드폰 좀 꺼줄래 (Turn Off Your Cellphone),,,
이불킥 (Blanket Kick),,,
24/7=Heaven,,,
여기 봐 (Look Here),,,
2학년 (2nd Grade),,,
Outro: 그게 말이 돼? (Outro: Does That Make Sense?),,,
Intro: 화양연화 (The Most Beautiful Moment in Life),2015,The Most Beautiful Moment in Life pt. 1 ,
I Need U,,,
잡아줘 (Hold Me Tight),,,
Skit: Expectation!,,,
쩔어 (Dope),,,
흥탄소년단 (Boyz with Fun),,,
Converse High,,,
이사 (Moving On),,,
Outro: Love is Not Over,,,
Intro: Nevermind,2015,The Most Beautiful Moment in life pt. 2,
Run,,,
Butterfly,,,
Whalien 52,,,
Ma City,,,
뱁새 (Silver Spoon),,,
Skit: One Night in a Strange City,,,
고엽 (Dead Leaves),,,
Outro: House of Cards,,,
Butterfly (prologue remix),2016,The Most Beautiful Moment in Life: Young Forever,
불타오르네 (Fire),,,
Save Me,,,
Epilogue: Young Forever,,,
House of Cards (Full Length Edition),,,
Love is Not Over (Full Length Edition),,,
Intro: Boy Meets Evil,2016,Wings,
"피 땀 눈물 (Blood, Sweat & Tears)",,,
Begin (Jungkook solo),,,
Lie (Jimin solo),,,
Stigma (V solo),,,
First Love (Suga solo),,,
Reflection (RM solo),,,
MAMA (J-Hope solo),,,
Awake (Jin solo),,,
Lost,,,
BTS Cypher pt.4,,,
Am I Wrong,,,
21세기 소녀 (21st Century Girls),,,
“둘! 셋! (그래도 좋은 날이 더 많기를),,,
(Two! Three! (Still Wishing There Will Be Better Days))”,,,
Interlude: Wings,,,
봄날 (Spring Day),2017,You Never Walk Alone,
Not Today,,,
Outro: Wings,,,
A Supplementary Story: You Never Walk Alone,,,
Intro: Serendipity,2017,Love Yourself: Her,
DNA,,,
Best Of Me,,,
보조개 (Dimple),,,
Pied Piper,,,
Skit: Billboard Music Award Speech,,,
Mic Drop,,,
고민보다 Go (Go Go),,,
Outro: Her,,,
바다 (Sea),,,
Skit: 망설임과 두려움 (Skit: Hesitation & Fear),,,
